<?xml version="1.0"?>
<TrackingData>
<Sensors>
<Sensor type="DummySensorSource">
<SensorID>DummySensor1</SensorID>
<Parameters>
<updateInterval>40</updateInterval><!-- in ms-->
</Parameters>
<SensorCOS>
<SensorCosID>DummyCos1</SensorCosID>
<Parameters>
<Pose>
<Translation>
<x>-1.57291</x>
<y>-167.484</y>
<z>-810.205</z>
</Translation>
<Rotation>
<x>-0.372531</x>
<y>-0.00125054</y>
<z>-0.00311521</z>
<w>0.928014</w>
</Rotation>
</Pose>
</Parameters>
</SensorCOS>
</Sensor>
</Sensors>
</TrackingData>