<?xml version="1.0" encoding="UTF-8"?>
<TrackingData>
    <Sensors>
        <Sensor type="EdgeBasedInitializationSensorSource">
            <SensorID>EdgeBasedInitializationSensorSource_0</SensorID>
            <Parameters>
                <TriangleMesh>SurfaceModel.obj</TriangleMesh>
                <TrackingConfiguration>InitialPose.xml</TrackingConfiguration>
                <UseSensorsForPoseCreation>off</UseSensorsForPoseCreation>
                <InitializationTestMode>false</InitializationTestMode>
                <AutoInit>
                    <PresetType>off</PresetType>
                </AutoInit>
				<EdgeAlignment>
					<!-- Edge-model of the object. It has to be in the same coordinate system of the <TriangleMesh> model, and perfectly aligned with it. Obj file containing only vertices and lines. Model scale has to be in [mm]. -->
					<LineModel>LineModel.obj</LineModel>
					<!-- Minimum quality threshold. It has to be between 0 and 1. Advisable values are between 0.6 and 0.75. Default = 0.65. -->
					<MinQuality>0.9</MinQuality>
					<!-- Max. search range length. It should be adapted relative to the model size. This value is set in [mm]. It has to be greater than 0. -->
					<SearchRange>50</SearchRange>
					<!-- Number of features to be used. This parameter directly influences sensor response. More features will induce higher accuracy, with the lower framerate, and vice-versa. The lower bound for this parameter is 30. Ideally it should be no less than 100, in case a target device can handle a computational cost. -->
					<NumFeatures>250</NumFeatures>
					<!-- Visibility testing parameters -->
					<VisibilityTest>
						<Enabled>false</Enabled>
						<TestRate>0.2</TestRate>
					</VisibilityTest>
				</EdgeAlignment>
                <FeatureTracking>
                    <Parameters>
                        <NumExtensibleFeatures>3000</NumExtensibleFeatures>
                        <MapExtensionMethod>wide</MapExtensionMethod>
                    </Parameters>
                    <FeatureOrientationAssignment>regular</FeatureOrientationAssignment>
                </FeatureTracking>
            </Parameters>
            <SensorCOS>
                <SensorCosID>TrackingPose</SensorCosID>
            </SensorCOS>
            <SensorCOS>
                <SensorCosID>InitialPose</SensorCosID>
            </SensorCOS>
        </Sensor>
    </Sensors>
    <Connections>
        <COS>
            <Name>TrackingPose</Name>
            <SensorSource>
                <SensorID>EdgeBasedInitializationSensorSource_0</SensorID>
                <SensorCosID>TrackingPose</SensorCosID>
            </SensorSource>
        </COS>
        <COS>
            <Name>InitialPose</Name>
            <SensorSource>
                <SensorID>EdgeBasedInitializationSensorSource_0</SensorID>
                <SensorCosID>InitialPose</SensorCosID>
            </SensorSource>
        </COS>
    </Connections>
</TrackingData>
